{
  "predictions": [
    1,
    0,
    1,
    0
  ],
  "probabilities": [
    0.5230552364302367,
    0.4949739704739706,
    0.5288463342213346,
    0.4710019196489786
  ],
  "num_samples": 4
}