{
  "metrics": {
    "roc_auc": 0.889480582706063,
    "accuracy": 0.8224043715846995,
    "precision": 0.8208955223880597,
    "recall": 0.7971014492753623,
    "f1": 0.8088235294117647
  },
  "psi_probability": null
}